name,longitude,latitude
Tijuca,-43.215648212109308,-22.912632981885615
Tijuca,-43.215618707199532,-22.91280919507804
Tijuca,-43.215634414850278,-22.912994315009932
Tijuca,-43.215686051581613,-22.913205033703829
Tijuca,-43.215738556596868,-22.913356973243566
Tijuca,-43.215764978429227,-22.913416057840561
Tijuca,-43.21578156705521,-22.913534000017254,
Tijuca,-43.215526242685854,-22.913632002816399,
Tijuca,-43.215426104800471,-22.91365607262906,
Tijuca,-43.215339611889462,-22.913680295719153,
Tijuca,-43.215084190937482,-22.91377829437705,
Tijuca,-43.214783115496246,-22.9139009756035,
Tijuca,-43.214363218563882,-22.914089686976336,
Tijuca,-43.214189915734849,-22.914154923497602,
Tijuca,-43.213333176545589,-22.91375020639332,
Tijuca,-43.213026450511805,-22.913612292244974,
Tijuca,-43.212611405467086,-22.913431075756506,
Tijuca,-43.212354560511088,-22.914336014225047,
Tijuca,-43.213500780308152,-22.914811271274257,
Tijuca,-43.213445082548326,-22.914903116288585
Tijuca,-43.212334887039219,-22.914453549548458
Tijuca,-43.212210455675027,-22.914939701697676
Tijuca,-43.212019582040313,-22.915660438779717
Tijuca,-43.211946727678423,-22.915885829316512
Tijuca,-43.211871475212718,-22.916093404737552
Tijuca,-43.211717875382398,-22.916736898696357
Tijuca,-43.21152819054808,-22.917366531340264
Tijuca,-43.211495977740732,-22.917614866060273
Tijuca,-43.211415741758927,-22.919301025307735
Tijuca,-43.211414065664329,-22.919428696859946
Tijuca,-43.212557240634411,-22.920228029394107
Tijuca,-43.213852527559688,-22.921055887046215
Tijuca,-43.214317065407045,-22.921323175815182
Tijuca,-43.214439754773267,-22.921371604085198
Tijuca,-43.214385974157004,-22.921599558939011
Tijuca,-43.214509366683394,-22.921594264458751
Tijuca,-43.214841976127758,-22.921685329111423
Tijuca,-43.215217703831975,-22.921803878377645
Tijuca,-43.215571432663225,-22.921942227375869
Tijuca,-43.215787598780558,-22.922058891692334
Tijuca,-43.215563779855017,-22.921975735145796
Tijuca,-43.215267431560179,-22.921885079584285
Tijuca,-43.215014038517644,-22.921841864682627
Tijuca,-43.214897417229416,-22.921880919616669
Tijuca,-43.214845133799798,-22.921994568840557
Tijuca,-43.214835722720878,-22.922162518588298
Tijuca,-43.214921797876492,-22.922237353895838
Tijuca,-43.214993966612752,-22.922265075726852
Tijuca,-43.215117194495853,-22.922279916956658
Tijuca,-43.215290755615626,-22.922322234318926
Tijuca,-43.215420403855454,-22.922397560353879
Tijuca,-43.215499267950385,-22.922472405627669
Tijuca,-43.215462293014994,-22.92251903841505
Tijuca,-43.215332038100634,-22.922497437373458
Tijuca,-43.215201860959816,-22.922462380170852
Tijuca,-43.215042286494402,-22.922453813735743
Tijuca,-43.214933151140272,-22.922479497059122
Tijuca,-43.214772350999105,-22.922571786893112
Tijuca,-43.214443431463266,-22.922749598019948
Tijuca,-43.214362717884661,-22.922815876584778
Tijuca,-43.214346792390636,-22.922929933371876
Tijuca,-43.214374422834219,-22.923031113295746
Tijuca,-43.214682742182831,-22.923316872315226
Tijuca,-43.214918972394841,-22.923561454051775
Tijuca,-43.214968700517908,-22.923642654208518
Tijuca,-43.215017194589358,-22.923818028565968
Tijuca,-43.215079774178854,-22.924027067206321
Tijuca,-43.21522931084786,-22.924243851246572
Tijuca,-43.215513602314616,-22.924406975664958
Tijuca,-43.217321113801255,-22.925477163938453
Tijuca,-43.217609544301666,-22.925614862314244
Tijuca,-43.217703813896023,-22.926002606033158
Tijuca,-43.217698314821405,-22.926422819868915
Tijuca,-43.218645484118753,-22.929237854046526
Tijuca,-43.220027419768407,-22.931643085005124
Tijuca,-43.22078224190026,-22.931403841301055
Tijuca,-43.220782660775726,-22.931341988203208
Tijuca,-43.220770913518415,-22.9312860475235
Tijuca,-43.220740935674485,-22.93123721813641
Tijuca,-43.220709798274527,-22.931187833629597
Tijuca,-43.220671881030498,-22.931142347080502
Tijuca,-43.220640265841283,-22.931084739938388
Tijuca,-43.220621996634215,-22.93103540836816
Tijuca,-43.220632492781611,-22.930985679169218
Tijuca,-43.220669359405719,-22.93095484629313
Tijuca,-43.220720694492186,-22.930928421215864
Tijuca,-43.220778691351754,-22.930907037687952
Tijuca,-43.220795133116766,-22.930902255116226
Tijuca,-43.220834671975659,-22.930890776431159
Tijuca,-43.220844950991889,-22.930887552272495
Tijuca,-43.220893215074724,-22.930872378883862
Tijuca,-43.220948975618995,-22.930850609583175
Tijuca,-43.221002586409028,-22.930828995329726
Tijuca,-43.221062738127074,-22.930814318084469
Tijuca,-43.221132953592708,-22.930805441777217
Tijuca,-43.221168896313451,-22.930800517090432
Tijuca,-43.221183155408056,-22.930798599755743
Tijuca,-43.221213035028875,-22.930794961816428
Tijuca,-43.221244187239598,-22.930791156657865
Tijuca,-43.221304806133219,-22.930770614910955
Tijuca,-43.221399001001764,-22.930732297202752
Tijuca,-43.22144870827772,-22.930703504853525
Tijuca,-43.22149987914095,-22.930674730043819
Tijuca,-43.22153997158302,-22.930643120501351
Tijuca,-43.221547558361095,-22.930637155549768
Tijuca,-43.221559079629394,-22.930628344942637
Tijuca,-43.221594239391969,-22.930601286361938
Tijuca,-43.221634145941842,-22.930561547599545
Tijuca,-43.221639584281256,-22.93055582905027
Tijuca,-43.221674373992336,-22.93051964512134
Tijuca,-43.22171828419939,-22.93047950039379
Tijuca,-43.221767544779802,-22.930447632868461
Tijuca,-43.221828281463651,-22.930432961872917
Tijuca,-43.221891084688721,-22.930431768645686
Tijuca,-43.221955048793994,-22.930431221829995
Tijuca,-43.222017474636772,-22.930444021081961
Tijuca,-43.222066688481952,-22.930475366633271
Tijuca,-43.22212061695916,-22.930504235879187
Tijuca,-43.222172324452423,-22.930531455038654
Tijuca,-43.222223729313022,-22.93055939322813
Tijuca,-43.222273712634482,-22.930591740253888
Tijuca,-43.222319647489783,-22.930627923423113
Tijuca,-43.222370016839108,-22.930675537210341
Tijuca,-43.22240699416291,-22.93071830458419
Tijuca,-43.222439833357974,-22.930771680664702
Tijuca,-43.2224668699847,-22.930829236207714
Tijuca,-43.222491904938252,-22.930883158306571
Tijuca,-43.222513728948719,-22.930936411010205
Tijuca,-43.222536618068268,-22.930990669711314
Tijuca,-43.222551308827541,-22.931022891887633
Tijuca,-43.222557376731999,-22.931036055001801
Tijuca,-43.222560598942287,-22.931043224129034
Tijuca,-43.222580221575477,-22.931100878102178
Tijuca,-43.222585611106247,-22.931158552998312
Tijuca,-43.222593679832805,-22.93120514972637
Tijuca,-43.222607804383706,-22.931250731196695
Tijuca,-43.222635735585932,-22.931277051677831
Tijuca,-43.222649653423453,-22.931293823560569
Tijuca,-43.222677413641065,-22.931318425612972
Tijuca,-43.22269726647756,-22.931336077706103
Tijuca,-43.222714674463802,-22.931369323213943
Tijuca,-43.222723901395071,-22.931386946472756
Tijuca,-43.222729514546273,-22.931397664390069
Tijuca,-43.222756186697929,-22.931453139819538
Tijuca,-43.222777999235269,-22.931507476596515
Tijuca,-43.222787003229506,-22.931564649846791
Tijuca,-43.222786895989955,-22.931572865919229
Tijuca,-43.222786661152469,-22.931613230687802
Tijuca,-43.222787981144791,-22.93163907168012
Tijuca,-43.222801685234018,-22.931679681538043
Tijuca,-43.222820513431003,-22.931731095149509
Tijuca,-43.2228279635641,-22.931787708882226
Tijuca,-43.222838889501638,-22.931846980798316
Tijuca,-43.222857073676671,-22.931902992289313
Tijuca,-43.222882890005415,-22.9319568317716
Tijuca,-43.222913364760153,-22.932004854921651
Tijuca,-43.222945058918476,-22.932056501587379
Tijuca,-43.222963519813689,-22.932113690558548
Tijuca,-43.222982351665955,-22.932164832559582
Tijuca,-43.222997235904955,-22.932219633853137
Tijuca,-43.22301455942884,-22.932274280981563
Tijuca,-43.223024678982057,-22.932328126168702
Tijuca,-43.223036225524311,-22.932384605439847
Tijuca,-43.223053704919806,-22.932442324373099
Tijuca,-43.223071416603752,-22.932497067158479
Tijuca,-43.223089059110031,-22.932534831349411
Tijuca,-43.223097310482949,-22.932552532672183
Tijuca,-43.22311122330666,-22.932577161098905
Tijuca,-43.223135046919943,-22.932619329104732
Tijuca,-43.223141335523287,-22.932630507684362
Tijuca,-43.223166921854045,-22.932672153305685
Tijuca,-43.223171885465653,-22.93268024583093
Tijuca,-43.223179690282166,-22.932694872087499
Tijuca,-43.223192347168812,-22.932718583691283
Tijuca,-43.223197963934631,-22.932729031155642
Tijuca,-43.223210919810178,-22.932752113829768
Tijuca,-43.223225501275927,-22.932778104445454
Tijuca,-43.223229666881764,-22.932832333764829
Tijuca,-43.223216546427722,-22.932888897504043
Tijuca,-43.223226355904941,-22.932914202418804
Tijuca,-43.223233741666405,-22.932953386797855
Tijuca,-43.223238654930263,-22.932980352247721
Tijuca,-43.223267225456794,-22.933009931333512
Tijuca,-43.223311717144014,-22.933037341026736
Tijuca,-43.223372098081583,-22.933064836112734
Tijuca,-43.223402795216913,-22.93308838786071
Tijuca,-43.223426927745869,-22.933106990541933
Tijuca,-43.223439958462102,-22.933116978877557
Tijuca,-43.223470280299892,-22.933139263016582
Tijuca,-43.223486987546273,-22.93315164128742
Tijuca,-43.223536396592955,-22.933198158622414
Tijuca,-43.223593056984868,-22.933219473012127
Tijuca,-43.223652162052211,-22.933247587148433
Tijuca,-43.223710104009136,-22.933275416609689
Tijuca,-43.223769827742196,-22.933316090674868
Tijuca,-43.223823561366757,-22.933352452066966
Tijuca,-43.223866409484593,-22.933393749822358
Tijuca,-43.223899827311506,-22.933440359719739
Tijuca,-43.223934705287583,-22.933487256432013
Tijuca,-43.223995337079806,-22.933585283500037
Tijuca,-43.224038878547184,-22.933625865381618
Tijuca,-43.224080594005329,-22.933664170506589
Tijuca,-43.224126233975518,-22.933715612388898
Tijuca,-43.224163885684781,-22.933759019231694
Tijuca,-43.224191906750768,-22.933808458429489
Tijuca,-43.224240357896292,-22.933838800776201
Tijuca,-43.224304242770017,-22.933836896340466
Tijuca,-43.224364209512046,-22.933836484227911
Tijuca,-43.224422496401104,-22.933845264646056
Tijuca,-43.22447903241779,-22.933876148179536
Tijuca,-43.224523901785055,-22.933911959379046
Tijuca,-43.224571860046325,-22.933950152752047
Tijuca,-43.22461611839779,-22.933988035395984
Tijuca,-43.224667626725129,-22.93402310707749
Tijuca,-43.224716241733766,-22.934063292433795
Tijuca,-43.22476278326323,-22.93410553519783
Tijuca,-43.224798676257208,-22.934149373030468
Tijuca,-43.22482808847947,-22.934196660382991
Tijuca,-43.224852306666499,-22.934246147099763
Tijuca,-43.224884270845607,-22.934292109432835
Tijuca,-43.224922380633139,-22.934330372868462
Tijuca,-43.224979962981529,-22.934363346245707
Tijuca,-43.225038418546774,-22.934381609011158
Tijuca,-43.22509544701451,-22.934397147526024
Tijuca,-43.225153844112157,-22.93441243084764
Tijuca,-43.225207460491866,-22.934443009850771
Tijuca,-43.225259487925904,-22.934468154529583
Tijuca,-43.225330696760679,-22.93449541052545
Tijuca,-43.225387450633775,-22.93451708599844
Tijuca,-43.225445379310138,-22.93454590879124
Tijuca,-43.225501876187543,-22.934572367925046
Tijuca,-43.225566586912386,-22.93457453636951
Tijuca,-43.225625121842711,-22.934579255000827
Tijuca,-43.225689532367348,-22.934582051159158
Tijuca,-43.225760195989096,-22.93458383528192
Tijuca,-43.22581994098568,-22.934592900832772
Tijuca,-43.225882292943091,-22.934603983650771
Tijuca,-43.225951152781143,-22.934609538869875
Tijuca,-43.226014879600484,-22.934612418569856
Tijuca,-43.226075254547609,-22.934618060361924
Tijuca,-43.226133466958238,-22.93462512283152
Tijuca,-43.226194320397354,-22.934631492363732
Tijuca,-43.226260666767118,-22.934642800002948
Tijuca,-43.226324943238538,-22.934655889993593
Tijuca,-43.226382649818504,-22.934671798589441
Tijuca,-43.226447369463337,-22.934688232875249
Tijuca,-43.22651572001881,-22.934702903355237
Tijuca,-43.226572088404886,-22.934724303629441
Tijuca,-43.226583700750865,-22.934731115647743
Tijuca,-43.226615957058428,-22.934762179086533
Tijuca,-43.226626542754765,-22.934810249828281
Tijuca,-43.226623960327757,-22.934873795385549
Tijuca,-43.226625300810518,-22.934935578111077
Tijuca,-43.226626622687967,-22.93499122049576
Tijuca,-43.226628215442055,-22.935048582416346
Tijuca,-43.226637983443716,-22.935107117615171
Tijuca,-43.22665757337306,-22.935160075551302
Tijuca,-43.226688825343935,-22.935208466233274
Tijuca,-43.226716039367204,-22.935259883010374
Tijuca,-43.226739335271276,-22.935312791034448
Tijuca,-43.226774024811981,-22.935419105197553
Tijuca,-43.226788202435515,-22.935475885305539
Tijuca,-43.226805026785165,-22.935539105599815
Tijuca,-43.226819134168281,-22.93559380661528
Tijuca,-43.226842722148618,-22.935646717890801
Tijuca,-43.226868253412832,-22.935700192993394
Tijuca,-43.226888188141032,-22.935756585465757
Tijuca,-43.226899250819784,-22.93582055397026
Tijuca,-43.226903653221925,-22.935886706681174
Tijuca,-43.22690009536926,-22.935942745340444
Tijuca,-43.226906192408954,-22.936043593938681
Tijuca,-43.226913293574036,-22.936104718591476
Tijuca,-43.226933491930161,-22.936170866320229
Tijuca,-43.226960594981229,-22.936215779895772
Tijuca,-43.22696498098172,-22.936223595383225
Tijuca,-43.226988615250555,-22.936265490290985
Tijuca,-43.227017283449761,-22.936295158862787
Tijuca,-43.227031134332698,-22.9363095808718
Tijuca,-43.227061244213608,-22.936333578523758
Tijuca,-43.227065392052246,-22.936336875252621
Tijuca,-43.227080252903392,-22.936348780591828
Tijuca,-43.227118855757737,-22.936371698728887
Tijuca,-43.227132013861691,-22.936379520900889
Tijuca,-43.227187737845973,-22.936405518893046
Tijuca,-43.227296187177238,-22.936455675809629
Tijuca,-43.22735150536969,-22.936482843606928
Tijuca,-43.22740716973626,-22.936505951113514
Tijuca,-43.227469586730656,-22.936534641886496
Tijuca,-43.227514139692282,-22.936572165289476
Tijuca,-43.227549878567771,-22.936613291418048
Tijuca,-43.227590975210312,-22.93666179190954
Tijuca,-43.227630315217908,-22.936710635723557
Tijuca,-43.227666646137067,-22.936750866840551
Tijuca,-43.22770609548494,-22.936791220627502
Tijuca,-43.227748642297023,-22.936825830662226
Tijuca,-43.22779125007763,-22.936863332270097
Tijuca,-43.227833756823316,-22.936900831583298
Tijuca,-43.227876343812696,-22.936932552288596
Tijuca,-43.227915866051212,-22.936967219820605
Tijuca,-43.227958525885278,-22.936993251985417
Tijuca,-43.228005401712451,-22.93701725406936
Tijuca,-43.228064736883105,-22.937050517622758
Tijuca,-43.228106482902703,-22.937086833980942
Tijuca,-43.22816236427748,-22.937123309321443
Tijuca,-43.228207617979628,-22.937159664822079
Tijuca,-43.228256297206073,-22.937202561645524
Tijuca,-43.228298043309138,-22.937238879114492
Tijuca,-43.228341153105127,-22.937282706647469
Tijuca,-43.228370901366752,-22.937334331796702
Tijuca,-43.22839411141269,-22.937386334744932
Tijuca,-43.228403790943851,-22.93745173376292
Tijuca,-43.228404567675121,-22.937481903304757
Tijuca,-43.228403941540186,-22.937567505653636
Tijuca,-43.228397182373186,-22.937629830234567
Tijuca,-43.228388400514739,-22.937682923185253
Tijuca,-43.228375763534281,-22.937739852289258
Tijuca,-43.228360187547565,-22.937797926438169
Tijuca,-43.2283467600422,-22.937855661620365
Tijuca,-43.228331989794221,-22.937911756614678
Tijuca,-43.228303074486561,-22.937975910955625
Tijuca,-43.228285139026021,-22.938027995466175
Tijuca,-43.228273343200236,-22.938072837467388
Tijuca,-43.228260355567066,-22.938126783888965
Tijuca,-43.228247794476786,-22.938192927491183
Tijuca,-43.228252154551079,-22.938247520724588
Tijuca,-43.228257288597554,-22.938302482084296
Tijuca,-43.228281958897398,-22.93835477414661
Tijuca,-43.228318313727776,-22.938400693583858
Tijuca,-43.228351340027828,-22.938455153774239
Tijuca,-43.228390791191735,-22.93849541959079
Tijuca,-43.228426414451654,-22.938537718654612
Tijuca,-43.228519632434633,-22.938597095297158
Tijuca,-43.228564887933949,-22.938633451895779
Tijuca,-43.228617302188987,-22.938666636857818
Tijuca,-43.228669448687199,-22.938712822676685
Tijuca,-43.228718128664312,-22.938755809555264
Tijuca,-43.228759789515095,-22.93879862675065
Tijuca,-43.22879093997728,-22.93883997305452
Tijuca,-43.228832539697613,-22.938887395807598
Tijuca,-43.228862049145256,-22.938942450080933
Tijuca,-43.228889325688215,-22.938989080664186
Tijuca,-43.228923703518824,-22.939044821546069
Tijuca,-43.228951155925749,-22.939100575281675
Tijuca,-43.228989095366181,-22.939159696453331
Tijuca,-43.229041283229094,-22.939202631081429
Tijuca,-43.229104397451323,-22.939222842454814
Tijuca,-43.229167550338104,-22.939239891695841
Tijuca,-43.229220166081525,-22.939250232380402
Tijuca,-43.229279939321415,-22.939257402536068
Tijuca,-43.229350227885753,-22.939258186925798
Tijuca,-43.229411385270843,-22.939256429287198
Tijuca,-43.229487702184578,-22.939243464423569
Tijuca,-43.229552218586434,-22.939230819808632
Tijuca,-43.229574822988937,-22.939224570095387
Tijuca,-43.229607702223092,-22.939215453958646
Tijuca,-43.229657103772439,-22.939203001292579
Tijuca,-43.229720639565002,-22.9391906161466
Tijuca,-43.229780442321058,-22.939188032964786
Tijuca,-43.229841766071623,-22.939188355321185
Tijuca,-43.229903194265638,-22.939188228018285
Tijuca,-43.229967379556022,-22.939193458988285
Tijuca,-43.23002804504366,-22.939222040292929
Tijuca,-43.230079086544436,-22.939255841763053
Tijuca,-43.230119328949151,-22.939295302256749
Tijuca,-43.230149533259407,-22.939349369996481
Tijuca,-43.230168755596566,-22.9394082832919
Tijuca,-43.230180644452936,-22.93946873882529
Tijuca,-43.230184211324477,-22.939524406269797
Tijuca,-43.230189916123621,-22.939580549517508
Tijuca,-43.230197001245514,-22.939643027463216
Tijuca,-43.230209773286774,-22.939703133360979
Tijuca,-43.230221273114765,-22.939741008681295
Tijuca,-43.230227815829259,-22.939762754772431
Tijuca,-43.230240383957828,-22.939816084823317
Tijuca,-43.230252680907192,-22.939875009869429
Tijuca,-43.230284667280934,-22.93998707391188
Tijuca,-43.230295682497726,-22.940047249213094
Tijuca,-43.23029895728078,-22.940095149220554
Tijuca,-43.230299690348744,-22.940106534914538
Tijuca,-43.230309772029237,-22.940163448257465
Tijuca,-43.230319498273261,-22.940232820542445
Tijuca,-43.230326169596928,-22.940289694690666
Tijuca,-43.230328367644589,-22.940353024347111
Tijuca,-43.230328439624415,-22.940407478412641
Tijuca,-43.230326896707616,-22.940458664076903
Tijuca,-43.230312879807144,-22.940516844820365
Tijuca,-43.230306414587425,-22.940571680238477
Tijuca,-43.230296617423484,-22.940627738421849
Tijuca,-43.230274657094952,-22.94068944158813
Tijuca,-43.230249285084646,-22.940751107851142
Tijuca,-43.230237939838297,-22.940806338474779
Tijuca,-43.230242638668045,-22.940834654935681
Tijuca,-43.230247802195294,-22.940865146202722
Tijuca,-43.230275286122669,-22.94091105645763
Tijuca,-43.230309803330549,-22.940963547090771
Tijuca,-43.230323161894759,-22.941015893034169
Tijuca,-43.230333110001951,-22.941068109621003
Tijuca,-43.230331628687701,-22.941159570966057
Tijuca,-43.230331287856664,-22.941208242081885
Tijuca,-43.230322954836915,-22.941309200159139
Tijuca,-43.230318523143836,-22.941372633869321
Tijuca,-43.230317880908991,-22.941422024058802
Tijuca,-43.230317717716282,-22.941434574148083
Tijuca,-43.230320560891535,-22.941493303578707
Tijuca,-43.230333667142517,-22.94156515250566
Tijuca,-43.230357400236983,-22.941637119962607
Tijuca,-43.230395342127352,-22.941696149559583
Tijuca,-43.230440469930386,-22.941742346746118
Tijuca,-43.230485728140216,-22.941778612733408
Tijuca,-43.230530597078825,-22.941807288200579
Tijuca,-43.23058081873679,-22.941836745789541
Tijuca,-43.230637954126983,-22.941866912744015
Tijuca,-43.230688144067024,-22.941898717578862
Tijuca,-43.23073621950693,-22.941935827514744
Tijuca,-43.230790334892092,-22.941973275270925
Tijuca,-43.230844982748494,-22.942014791933818
Tijuca,-43.230884209318425,-22.942049906324023
Tijuca,-43.230889510376933,-22.942054661853732
Tijuca,-43.230932297613656,-22.942101013134355
Tijuca,-43.230963388349288,-22.94214696350566
Tijuca,-43.230995239105603,-22.94219455100826
Tijuca,-43.231020632355239,-22.942243778391742
Tijuca,-43.231038559507084,-22.942297346153278
Tijuca,-43.231057460059162,-22.942351017238298
Tijuca,-43.231076231596553,-22.942414710842748
Tijuca,-43.231089895473453,-22.942473652233812
Tijuca,-43.231104346419201,-22.942532149286766
Tijuca,-43.231120081652037,-22.942589396103781
Tijuca,-43.231137619274698,-22.94265027751247
Tijuca,-43.231151022888419,-22.942706777049739
Tijuca,-43.231151411045921,-22.942714457705382
Tijuca,-43.231153813738729,-22.942762165344096
Tijuca,-43.231155739952413,-22.942823774295814
Tijuca,-43.231142853296177,-22.942945271689425
Tijuca,-43.231136350634387,-22.943002902840576
Tijuca,-43.231119441632984,-22.943058613605576
Tijuca,-43.231102091656446,-22.943110706109639
Tijuca,-43.23110479563335,-22.943165190675732
Tijuca,-43.231144488141396,-22.943209520418407
Tijuca,-43.231197046690426,-22.943239275532328
Tijuca,-43.231243607407826,-22.943280431438392
Tijuca,-43.231278584113213,-22.943327599479066
Tijuca,-43.231305733345835,-22.94337675624346
Tijuca,-43.231328066958596,-22.943428840381888
Tijuca,-43.231342067664933,-22.943484446117026
Tijuca,-43.231344741333089,-22.943541365824117
Tijuca,-43.231335289684502,-22.943660825528234
Tijuca,-43.231330608493522,-22.943720913627597
Tijuca,-43.231317167448495,-22.943779823300094
Tijuca,-43.231308775425504,-22.943832829443725
Tijuca,-43.23129752643414,-22.943888150210093
Tijuca,-43.231282810535454,-22.943940091773644
Tijuca,-43.23126799610209,-22.943992123552427
Tijuca,-43.231253235439681,-22.944047315001146
Tijuca,-43.231242029877897,-22.944099387011537
Tijuca,-43.231230557905569,-22.94416436860061
Tijuca,-43.231229857474794,-22.944188201213272
Tijuca,-43.231228809802609,-22.944223769267037
Tijuca,-43.231241670857671,-22.944247030644014
Tijuca,-43.23125548305503,-22.944272108139224
Tijuca,-43.231282396975523,-22.944294443113545
Tijuca,-43.231302569511875,-22.944310291151378
Tijuca,-43.231370299172376,-22.944328113103293
Tijuca,-43.231427461707618,-22.944341303436701
Tijuca,-43.231490229241736,-22.944343266564491
Tijuca,-43.231559185972458,-22.944334281783718
Tijuca,-43.23162605139288,-22.944328526361769
Tijuca,-43.231685953781778,-22.944325942531201
Tijuca,-43.231753004692123,-22.944313595872227
Tijuca,-43.231816317549715,-22.944311051161154
Tijuca,-43.231876177689109,-22.944311718332504
Tijuca,-43.231935981489229,-22.944309133307957
Tijuca,-43.231992290317997,-22.944313012401725
Tijuca,-43.232048500582962,-22.944316889221312
Tijuca,-43.232108318494568,-22.944320807380162
Tijuca,-43.232171505927987,-22.944328013454538
Tijuca,-43.232234789534438,-22.944335310735877
Tijuca,-43.232245497498489,-22.944336694609255
Tijuca,-43.232286380025293,-22.944342025742621
Tijuca,-43.232316331830184,-22.944348229143582
Tijuca,-43.23237482090483,-22.944364323670644
Tijuca,-43.232438941940586,-22.944374700272366
Tijuca,-43.232499272458412,-22.944384222019416
Tijuca,-43.232573980659652,-22.944390295206343
Tijuca,-43.232630604978588,-22.94439227844731
Tijuca,-43.23265797419522,-22.944394569189978
Tijuca,-43.232694597068196,-22.944397595292898
Tijuca,-43.232753558898075,-22.944407373333565
Tijuca,-43.232827496609204,-22.944412713069788
Tijuca,-43.232891488706848,-22.944418030992718
Tijuca,-43.232955422174591,-22.944427864338184
Tijuca,-43.233019297111035,-22.944442302111955
Tijuca,-43.233092585204368,-22.944475085960072
Tijuca,-43.233139197276628,-22.944512267942084
Tijuca,-43.233172420399669,-22.944559417233538
Tijuca,-43.233197791387155,-22.944610450741777
Tijuca,-43.233225823590047,-22.944659346571836
Tijuca,-43.23326228020828,-22.944705175987497
Tijuca,-43.233296081622328,-22.944760277353961
Tijuca,-43.233320214166788,-22.94480163488501
Tijuca,-43.233364039834591,-22.944843209407519
Tijuca,-43.2334127410235,-22.944884841679876
Tijuca,-43.233453731858518,-22.944911938171998
Tijuca,-43.233509921349352,-22.944932341316612
Tijuca,-43.23357223320923,-22.944947031957195
Tijuca,-43.233634384194509,-22.944951426335543
Tijuca,-43.233693307569531,-22.94495659619519
Tijuca,-43.233753577253488,-22.944940833798309
Tijuca,-43.233811356932719,-22.944921519315759
Tijuca,-43.233870170890931,-22.944897521058802
Tijuca,-43.233921930335029,-22.944868837980994
Tijuca,-43.233980227045578,-22.944839685542359
Tijuca,-43.234039003507029,-22.944818667868841
Tijuca,-43.234102624964457,-22.944799960422081
Tijuca,-43.234156773426697,-22.944782412059297
Tijuca,-43.234220582661663,-22.944771833789801
Tijuca,-43.234284176132277,-22.944770284143189
Tijuca,-43.234336498642847,-22.944765719274638
Tijuca,-43.23440503559749,-22.94475898721462
Tijuca,-43.234469087707247,-22.944759700071646
Tijuca,-43.234533237155595,-22.944760413986067
Tijuca,-43.23459231764425,-22.944761071465468
Tijuca,-43.234656369761481,-22.944761784246964
Tijuca,-43.234725394755756,-22.944762552338421
Tijuca,-43.234784474003575,-22.944763209732454
Tijuca,-43.234843651837522,-22.944763868201431
Tijuca,-43.234902829673665,-22.944764526648356
Tijuca,-43.234966823247241,-22.944769753601648
Tijuca,-43.235031016119507,-22.944767217404902
Tijuca,-43.235075351472204,-22.944761839835074
Tijuca,-43.235129119968498,-22.944751060484563
Tijuca,-43.235166017071933,-22.944725643509617
Tijuca,-43.235175008086536,-22.94467138035666
Tijuca,-43.235188821439671,-22.944598657939739
Tijuca,-43.23520486706461,-22.944541853990806
Tijuca,-43.235220963170015,-22.944488662791201
Tijuca,-43.235237059182658,-22.944435381427699
Tijuca,-43.235260759932927,-22.944382274817084
Tijuca,-43.235280703919038,-22.944325514221426
Tijuca,-43.235304408211931,-22.944279541862212
Tijuca,-43.235324263415556,-22.944229913336351
Tijuca,-43.235351862415911,-22.944176761065098
Tijuca,-43.235379462735295,-22.94412369780666
Tijuca,-43.235410823282329,-22.944081332618882
Tijuca,-43.235442157964457,-22.94403354942753
Tijuca,-43.235473421134493,-22.943991183141769
Tijuca,-43.235508629607551,-22.943945338698601
Tijuca,-43.235540130641922,-22.943892228629608
Tijuca,-43.235582990539143,-22.943842857074895
Tijuca,-43.235606809942489,-22.943810612265409
Tijuca,-43.235622191078846,-22.94378992277824
Tijuca,-43.235653502209033,-22.943743944792054
Tijuca,-43.235689992464955,-22.943697030320557
Tijuca,-43.23570624481961,-22.943669306450179
Tijuca,-43.235719904162686,-22.943646069847599
Tijuca,-43.235730848244565,-22.943614223948519
Tijuca,-43.235738549593592,-22.943591734840847
Tijuca,-43.235755916744836,-22.94353828490684
Tijuca,-43.235772309251146,-22.943484826443239
Tijuca,-43.235779705667944,-22.943418083726868
Tijuca,-43.235779830929268,-22.943408421784675
Tijuca,-43.23578032574413,-22.943362553030866
Tijuca,-43.235779591481318,-22.943306555316383
Tijuca,-43.235771394267964,-22.943246862419436
Tijuca,-43.235761864150433,-22.943207384129199
Tijuca,-43.235759086279636,-22.943135831841818
Tijuca,-43.235757752549894,-22.943080731374884
Tijuca,-43.235762114006079,-22.943022625321888
Tijuca,-43.235769183633494,-22.942966261273725
Tijuca,-43.235781809883413,-22.942909781006357
Tijuca,-43.235806570346426,-22.942857588823482
Tijuca,-43.235833102854542,-22.942804062779658
Tijuca,-43.235863882255366,-22.942753924508914
Tijuca,-43.235904015147604,-22.942711927218312
Tijuca,-43.235948760404121,-22.942667364240062
Tijuca,-43.235991178929524,-22.94262195931071
Tijuca,-43.236088586708625,-22.942554230354368
Tijuca,-43.236143104058534,-22.942515644473644
Tijuca,-43.236192565587821,-22.942483503155717
Tijuca,-43.236236362122348,-22.942444527570817
Tijuca,-43.236281623575671,-22.942405476941353
Tijuca,-43.23631845458079,-22.942362269585569
Tijuca,-43.23636589822879,-22.94231276840603
Tijuca,-43.236399038157842,-22.942261029899136
Tijuca,-43.236421945144016,-22.942208818150704
Tijuca,-43.236443487030236,-22.942156680228162
Tijuca,-43.236455206478517,-22.942102537440558
Tijuca,-43.236467443084159,-22.942046142923516
Tijuca,-43.236483854917644,-22.941991058214629
Tijuca,-43.236495593051337,-22.941935470751858
Tijuca,-43.236509268655162,-22.941880807582066
Tijuca,-43.236521626971452,-22.941815112867765
Tijuca,-43.236534956493387,-22.941757105290687
Tijuca,-43.236543069366775,-22.94170274092696
Tijuca,-43.236548319446008,-22.941643830945743
Tijuca,-43.236554482027231,-22.941589626379542
Tijuca,-43.236560752478539,-22.941534609256511
Tijuca,-43.236572947796262,-22.941473879631651
Tijuca,-43.236584196749249,-22.941418376878197
Tijuca,-43.236592690595693,-22.941357337940609
Tijuca,-43.23660494346808,-22.941299676714038
Tijuca,-43.236614323018159,-22.941245506739964
Tijuca,-43.236633551638349,-22.941183862355832
Tijuca,-43.236653162645773,-22.941130077727973
Tijuca,-43.236679778835594,-22.94107745518702
Tijuca,-43.236709155904563,-22.94102269600722
Tijuca,-43.236746992320413,-22.940969564714255
Tijuca,-43.236768715397169,-22.94091092794396
Tijuca,-43.236790429110442,-22.940853012348192
Tijuca,-43.236791984004917,-22.940845896555835
Tijuca,-43.236801513963712,-22.940802746292977
Tijuca,-43.236814514923623,-22.940747442146023
Tijuca,-43.236818962726929,-22.940727806560236
Tijuca,-43.236830369900105,-22.940675105129561
Tijuca,-43.236839432730918,-22.940622828447346
Tijuca,-43.236855136054807,-22.940539652001878
Tijuca,-43.236875194838355,-22.940481537676014
Tijuca,-43.236912262460088,-22.940450162269034
Tijuca,-43.236943092789318,-22.940441202154599
Tijuca,-43.236989514495626,-22.940440364419732
Tijuca,-43.237051280146154,-22.940444302276592
Tijuca,-43.237112077061369,-22.9404477785442
Tijuca,-43.237185360803345,-22.940450758932112
Tijuca,-43.237251179790306,-22.940457900826779
Tijuca,-43.237313419616008,-22.940470422957837
Tijuca,-43.237368811604824,-22.940484764670899
Tijuca,-43.237425052708751,-22.940501192954574
Tijuca,-43.237483258531725,-22.94052405599091
Tijuca,-43.237534001200771,-22.940558571982461
Tijuca,-43.237571825839723,-22.940604235321533
Tijuca,-43.237610106693786,-22.940652161197736
Tijuca,-43.23764284387196,-22.940699211733691
Tijuca,-43.237691305692252,-22.940736775889626
Tijuca,-43.237748002132101,-22.940755737081926
Tijuca,-43.237810725397843,-22.940768625037688
Tijuca,-43.237867491146687,-22.940789754275841
Tijuca,-43.237929279834063,-22.940806966441162
Tijuca,-43.237992052853194,-22.94083105326445
Tijuca,-43.238048312441073,-22.940861206730851
Tijuca,-43.238104148064863,-22.940878897151389
Tijuca,-43.238161721909883,-22.940897865632891
Tijuca,-43.238186072913699,-22.940899762389133
Tijuca,-43.238214557468119,-22.94091380503059
Tijuca,-43.238229065167346,-22.940915411002713
Tijuca,-43.238278365315296,-22.940918215900478
Tijuca,-43.238336668507714,-22.940933582534495
Tijuca,-43.238392690719571,-22.940951904895421
Tijuca,-43.238449350792671,-22.940966170164888
Tijuca,-43.238504173419315,-22.940986825652026
Tijuca,-43.238566047944339,-22.941004941290483
Tijuca,-43.238628305892242,-22.941023422959777
Tijuca,-43.238689550416574,-22.941030334326182
Tijuca,-43.238750323569846,-22.941020531859696
Tijuca,-43.238808696729478,-22.941000409412748
Tijuca,-43.238862345431599,-22.940975992337979
Tijuca,-43.238915129904576,-22.94095075073972
Tijuca,-43.238975779425076,-22.940935259768736
Tijuca,-43.239010444064327,-22.940931580361895
Tijuca,-43.239039381940138,-22.940933166100091
Tijuca,-43.239057038091573,-22.940947630530044
Tijuca,-43.239061420862242,-22.940970615758182
Tijuca,-43.239047686629533,-22.941007037254046
Tijuca,-43.23902287262721,-22.941056160518468
Tijuca,-43.239012588732578,-22.941112393182785
Tijuca,-43.239016589046891,-22.941157412614043
Tijuca,-43.239020797747045,-22.941193850622057
Tijuca,-43.239029408322992,-22.941236750436605
Tijuca,-43.239036654460868,-22.941294626013242
Tijuca,-43.239037341271043,-22.941309354061225
Tijuca,-43.239039351211268,-22.941350013296315
Tijuca,-43.23906251001096,-22.941383773028079
Tijuca,-43.239071123703795,-22.941396242572214
Tijuca,-43.239080240553555,-22.941407539835183
Tijuca,-43.239096363008365,-22.941427495119118
Tijuca,-43.239125048602546,-22.941493827111994
Tijuca,-43.239135948936472,-22.941547951879471
Tijuca,-43.23914283394015,-22.941603743974746
Tijuca,-43.239143564028041,-22.941660464147976
Tijuca,-43.239151248623443,-22.941714552068614
Tijuca,-43.239168288777769,-22.941769014301858
Tijuca,-43.239191620596017,-22.941812077490322
Tijuca,-43.239209514426378,-22.941838374057937
Tijuca,-43.239220910889784,-22.941869204789302
Tijuca,-43.239242645676981,-22.94191532032595
Tijuca,-43.239253608882606,-22.94195716315896
Tijuca,-43.239251886267503,-22.942007444317856
Tijuca,-43.239231459958368,-22.942064021012794
Tijuca,-43.239215973486218,-22.942100240436183
Tijuca,-43.239201522139112,-22.942147128771161
Tijuca,-43.239193063205832,-22.942182885222145
Tijuca,-43.23919156364186,-22.942238496410088
Tijuca,-43.239202563885989,-22.942292621125738
Tijuca,-43.239220963531373,-22.942347640561099
Tijuca,-43.239234764617137,-22.942403873516994
Tijuca,-43.239250388378167,-22.942462383022757
Tijuca,-43.239263305129754,-22.942519058120254
Tijuca,-43.239278421921092,-22.942571512001283
Tijuca,-43.239304182828207,-22.942615234414959
Tijuca,-43.239327749948202,-22.942670221027559
Tijuca,-43.239331568176496,-22.942729323107471
Tijuca,-43.239323684001818,-22.942788565798224
Tijuca,-43.239314910498052,-22.942841206503715
Tijuca,-43.239301784691122,-22.942898404023765
Tijuca,-43.239297405023144,-22.942958227722258
Tijuca,-43.239313558450228,-22.943005997827392
Tijuca,-43.239354872412818,-22.943075990817839
Tijuca,-43.239377929538378,-22.943155354381922
Tijuca,-43.239379494118964,-22.943222919244317
Tijuca,-43.239381125471851,-22.943292654477048
Tijuca,-43.239377303688357,-22.943346884017796
Tijuca,-43.239373928847108,-22.94340418975198
Tijuca,-43.239373813189474,-22.943458371416561
Tijuca,-43.239380193936391,-22.943515334612339
Tijuca,-43.239388800802622,-22.943573585914329
Tijuca,-43.239399994781905,-22.943627893088419
Tijuca,-43.239421354512331,-22.943679965437699
Tijuca,-43.239448667950491,-22.943732103855023
Tijuca,-43.239475446060212,-22.943779991852349
Tijuca,-43.239506021934119,-22.943828372791835
Tijuca,-43.239534777488693,-22.943874295727259
Tijuca,-43.239571061557491,-22.943925901393257
Tijuca,-43.239602836829498,-22.943964543273022
Tijuca,-43.239652371189472,-22.944024875064894
Tijuca,-43.239712195341191,-22.944096157607127
Tijuca,-43.23975537024603,-22.944150457815663
Tijuca,-43.23978838187243,-22.944191461019585
Tijuca,-43.239823854801777,-22.944245676911322
Tijuca,-43.239852925142493,-22.944297382804354
Tijuca,-43.239888428499981,-22.944349250226416
Tijuca,-43.239916366163584,-22.944383064035108
Tijuca,-43.239941784479818,-22.944415584174827
Tijuca,-43.239972307259357,-22.944453040008138
Tijuca,-43.239987134022833,-22.944490318234255
Tijuca,-43.239987223231857,-22.944513527444759
Tijuca,-43.239996492270777,-22.944535755417029
Tijuca,-43.240008470140111,-22.944551962288632
Tijuca,-43.240036885979855,-22.944578917631699
Tijuca,-43.240065152765901,-22.94462492522225
Tijuca,-43.240094321358939,-22.944669047131818
Tijuca,-43.240125512498793,-22.944722673346476
Tijuca,-43.240149344260878,-22.944779828957405
Tijuca,-43.240159706118419,-22.944838191015066
Tijuca,-43.24016816097749,-22.944900504756106
Tijuca,-43.240171818201496,-22.944926823626311
Tijuca,-43.240178165384187,-22.944941342824929
Tijuca,-43.240212075935375,-22.944965650814215
Tijuca,-43.24023356619238,-22.94497022384024
Tijuca,-43.240253931882343,-22.944978757227776
Tijuca,-43.240276995710602,-22.944997344533665
Tijuca,-43.240292813035879,-22.945025786441885
Tijuca,-43.240303792854384,-22.945081536070944
Tijuca,-43.240306246636791,-22.945125540777866
Tijuca,-43.240304922137781,-22.945160113017639
Tijuca,-43.24030706580384,-22.945197793806322
Tijuca,-43.240306016949958,-22.945211147879078
Tijuca,-43.240303561770006,-22.945265304756813
Tijuca,-43.24030920814365,-22.945311240557814
Tijuca,-43.240321686651015,-22.945341630113983
Tijuca,-43.240350594042731,-22.945368231376616
Tijuca,-43.240406272221115,-22.94538320759165
Tijuca,-43.240464773309078,-22.945375909635878
Tijuca,-43.240523724022879,-22.945356425334655
Tijuca,-43.240572134893718,-22.945345221751616
Tijuca,-43.240628325596695,-22.945342955186426
Tijuca,-43.240703823258386,-22.945348580226099
Tijuca,-43.240763819298977,-22.945353849534769
Tijuca,-43.240824697011043,-22.945336103004898
Tijuca,-43.240880604308146,-22.945318300178545
Tijuca,-43.240944779465451,-22.945309529922181
Tijuca,-43.241006991834027,-22.945309316990521
Tijuca,-43.241070130967564,-22.945312816668647
Tijuca,-43.241131077342352,-22.945304913296827
Tijuca,-43.241164765248179,-22.945293457285874
Tijuca,-43.241209312827451,-22.94526442131745
Tijuca,-43.241269714972816,-22.945238270544209
Tijuca,-43.241433245544314,-22.945161969776684
Tijuca,-43.241491930880727,-22.945140405002356
Tijuca,-43.241548669711349,-22.945126043026647
Tijuca,-43.24161289092843,-22.945106165925068
Tijuca,-43.241675716101255,-22.945081124928027
Tijuca,-43.241730734837979,-22.945056539501724
Tijuca,-43.241796779550086,-22.945031535293651
Tijuca,-43.241853618065761,-22.945001821595636
Tijuca,-43.241909070407736,-22.944973810186937
Tijuca,-43.241966775146004,-22.944952686319404
Tijuca,-43.242030943240344,-22.944929375417544
Tijuca,-43.242087332317077,-22.944912030601103
Tijuca,-43.242152420163613,-22.944892974318925
Tijuca,-43.242215165745691,-22.944873983372457
Tijuca,-43.242272886089033,-22.94485918120029
Tijuca,-43.242337473711963,-22.944848700728166
Tijuca,-43.242396989889293,-22.94483816057425
Tijuca,-43.242458929999657,-22.944821326768334
Tijuca,-43.242519368972125,-22.944807367223337
Tijuca,-43.242577571899396,-22.944785345882508
Tijuca,-43.242638472578641,-22.944765882366259
Tijuca,-43.242707296176327,-22.944752015628563
Tijuca,-43.242770562862951,-22.944738086151858
Tijuca,-43.242828239849523,-22.944711362450597
Tijuca,-43.242880955313197,-22.944676549082718
Tijuca,-43.242919944158217,-22.944632278633978
Tijuca,-43.242962950385241,-22.94459401366711
Tijuca,-43.243017526342172,-22.944565990986707
Tijuca,-43.243072885025292,-22.944545202512895
Tijuca,-43.243134780037025,-22.944539386012217
Tijuca,-43.243195144811935,-22.944538699783557
Tijuca,-43.243261067743113,-22.944538075080711
Tijuca,-43.243321118840576,-22.944531426642961
Tijuca,-43.243371176734222,-22.944528728221282
Tijuca,-43.243447171063664,-22.944518192111822
Tijuca,-43.243513505529634,-22.944500865571619
Tijuca,-43.24357265593661,-22.944480839028195
Tijuca,-43.243629394858786,-22.9444588923919
Tijuca,-43.243684409625359,-22.944434666852839
Tijuca,-43.243752253557432,-22.944405979350396
Tijuca,-43.243802103115947,-22.944396597354274
Tijuca,-43.243861229288889,-22.944393818840275
Tijuca,-43.243921163708777,-22.944396108645922
Tijuca,-43.243981044166105,-22.944410317521594
Tijuca,-43.244033011244689,-22.944448459642111
Tijuca,-43.24407108278465,-22.944490330629488
Tijuca,-43.244103130020164,-22.944538186091794
Tijuca,-43.244131503180853,-22.944591148127568
Tijuca,-43.244165384431632,-22.944648053806542
Tijuca,-43.244191578593323,-22.944688529906401
Tijuca,-43.244220525437079,-22.944742401039743
Tijuca,-43.244242343210388,-22.944789601142613
Tijuca,-43.244254013525108,-22.944837231056329
Tijuca,-43.244261204983978,-22.944899620852642
Tijuca,-43.244258116504085,-22.944964968115144
Tijuca,-43.244246014661016,-22.945026421941719
Tijuca,-43.244227306502388,-22.945078410923465
Tijuca,-43.24422089717963,-22.945136767505574
Tijuca,-43.244235106225794,-22.945191740083409
Tijuca,-43.244255609686739,-22.945242626846625
Tijuca,-43.244287130321482,-22.945301132737896
Tijuca,-43.244330362680628,-22.945343512750693
Tijuca,-43.244379101344194,-22.945382432804365
Tijuca,-43.244409026905707,-22.945413376966513
Tijuca,-43.244426644737949,-22.945445991598888
Tijuca,-43.244437142997207,-22.945501376211418
Tijuca,-43.244445549823666,-22.945552670049466
Tijuca,-43.244461685934759,-22.945609198978694
Tijuca,-43.244480194929665,-22.945663677004767
Tijuca,-43.244498018833418,-22.945718147447696
Tijuca,-43.244518999797656,-22.945769764219321
Tijuca,-43.244550179431542,-22.945816796249616
Tijuca,-43.2446019003863,-22.94583624219624
Tijuca,-43.244663837955954,-22.945842166122393
Tijuca,-43.244727010668477,-22.945835549408159
Tijuca,-43.244790401831906,-22.945819544513824
Tijuca,-43.244843609918675,-22.945799272604887
Tijuca,-43.244898949659103,-22.945772523451655
Tijuca,-43.244953979840275,-22.945747033101402
Tijuca,-43.245006971406582,-22.945720707576456
Tijuca,-43.245070374694748,-22.945696305049317
Tijuca,-43.24513483896736,-22.945680311882921
Tijuca,-43.245198670128843,-22.945667923889665
Tijuca,-43.245256401062058,-22.945652306992429
Tijuca,-43.245314992946568,-22.945637965312649
Tijuca,-43.245372754813282,-22.945627497115577
Tijuca,-43.2454424054283,-22.945625106082332
Tijuca,-43.245500945145949,-22.945629907858113
Tijuca,-43.245505807857072,-22.945630864400986
Tijuca,-43.24551883965681,-22.945633537650771
Tijuca,-43.245531288525356,-22.94563602297535
Tijuca,-43.245565914169035,-22.945642907887322
Tijuca,-43.245626238201901,-22.945652876597318
Tijuca,-43.245653283451432,-22.945657689501054
Tijuca,-43.245688532608639,-22.945661422192899
Tijuca,-43.245745948109686,-22.945670364614951
Tijuca,-43.245798085959059,-22.945695143511237
Tijuca,-43.245847308928774,-22.945726842930334
Tijuca,-43.245883506194716,-22.945770499477703
Tijuca,-43.245916523174863,-22.945818816140164
Tijuca,-43.24594535729603,-22.945873950312617
Tijuca,-43.245968211285764,-22.945931546323425
Tijuca,-43.245991521057732,-22.945984091440756
Tijuca,-43.246010654157438,-22.946035324658222
Tijuca,-43.2460348412475,-22.946087879470639
Tijuca,-43.24605587478473,-22.946143019850226
Tijuca,-43.246077781036099,-22.946198525895511
Tijuca,-43.246098218872454,-22.946254471129805
Tijuca,-43.246122538374031,-22.946304408113484
Tijuca,-43.246151844238234,-22.946360720714519
Tijuca,-43.246183923976723,-22.946406047043695
Tijuca,-43.24622330150639,-22.946452718609571
Tijuca,-43.24626780697001,-22.946502336621698
Tijuca,-43.246310968182705,-22.94655031455876
Tijuca,-43.246343983338733,-22.946598991767559
Tijuca,-43.246370072599234,-22.946647684878862
Tijuca,-43.246401199630171,-22.94669896048654
Tijuca,-43.246430029873196,-22.946746870132401
Tijuca,-43.246463064724828,-22.946793832173825
Tijuca,-43.246500273907714,-22.946842196229639
Tijuca,-43.246548009643121,-22.946890945961847
Tijuca,-43.246591630407892,-22.946933691503308
Tijuca,-43.246629374566233,-22.946970863032472
Tijuca,-43.246688558325388,-22.947016488857422
Tijuca,-43.246736451655423,-22.947045463891268
Tijuca,-43.246789751150679,-22.947078654142853
Tijuca,-43.246840341174526,-22.947110186917563
Tijuca,-43.24689722794065,-22.947137455776229
Tijuca,-43.246944812967648,-22.947167601744042
Tijuca,-43.246979705917028,-22.947214223581636
Tijuca,-43.247008021768295,-22.947264204613351
Tijuca,-43.247015210190298,-22.947319279733467
Tijuca,-43.247013606965375,-22.947375612418632
Tijuca,-43.247003837217349,-22.947422463121217
Tijuca,-43.246988337859207,-22.947490201293895
Tijuca,-43.24697530874176,-22.947547942749356
Tijuca,-43.246970073674724,-22.947598545927452
Tijuca,-43.246963666571915,-22.947656902682169
Tijuca,-43.246957311704577,-22.947711108000259
Tijuca,-43.246953119232842,-22.947771654239382
Tijuca,-43.246949029106617,-22.947824257069694
Tijuca,-43.246953389696955,-22.94787930093738
Tijuca,-43.246956874238457,-22.947934335123083
Tijuca,-43.246961229009614,-22.947989830884968
Tijuca,-43.246957801718743,-22.948043976081987
Tijuca,-43.246950186001406,-22.948097714346964
Tijuca,-43.246931508122522,-22.948154851242986
Tijuca,-43.246913745919322,-22.948209018331159
Tijuca,-43.246890919134437,-22.948262678639036
Tijuca,-43.246862991019078,-22.948311225474583
Tijuca,-43.246831042469957,-22.948361533392493
Tijuca,-43.246784708288409,-22.948408339422933
Tijuca,-43.246741220875052,-22.948446150438112
Tijuca,-43.24669852365728,-22.948482883623221
Tijuca,-43.246652790105109,-22.948520847793333
Tijuca,-43.246604656536817,-22.948555895655634
Tijuca,-43.246565217322754,-22.948589686046667
Tijuca,-43.246477547128123,-22.948658522013744
Tijuca,-43.246423700425488,-22.948705607829904
Tijuca,-43.246414497865942,-22.948715982062822
Tijuca,-43.246385708160645,-22.948748173617336
Tijuca,-43.246345867253382,-22.948790266997243
Tijuca,-43.246311475116364,-22.948826008801007
Tijuca,-43.246280576111253,-22.948878043555396
Tijuca,-43.246252901811431,-22.948982491485719
Tijuca,-43.246248334695586,-22.949041861449423
Tijuca,-43.246240107718542,-22.949097579899572
Tijuca,-43.246228031667101,-22.949156869150347
Tijuca,-43.246198022889807,-22.949245758198799
Tijuca,-43.246181802425788,-22.949286214694155
Tijuca,-43.246165996117981,-22.949339951336118
Tijuca,-43.246155149255358,-22.949387150686448
Tijuca,-43.246140875700689,-22.94942781133571
Tijuca,-43.24612512450269,-22.949469719048427
Tijuca,-43.246088888249524,-22.94954237618672
Tijuca,-43.246081303407109,-22.949555927371549
Tijuca,-43.24606286893259,-22.949601689245647
Tijuca,-43.246044403457702,-22.949642303529117
Tijuca,-43.246020511951265,-22.949680238527538
Tijuca,-43.245990995344314,-22.949730933770965
Tijuca,-43.245975252210421,-22.949772209272371
Tijuca,-43.245975728585769,-22.949810865688956
Tijuca,-43.245985546696708,-22.949858565178754
Tijuca,-43.246026063149273,-22.94988502108118
Tijuca,-43.24607216460624,-22.949909281249923
Tijuca,-43.246079522590627,-22.949913424463304
Tijuca,-43.246095785542543,-22.949922636536513
Tijuca,-43.246119214127383,-22.949935809371691
Tijuca,-43.246163992271896,-22.949956803321946
Tijuca,-43.24620063256841,-22.949973734434138
Tijuca,-43.246212845135972,-22.949979380823958
Tijuca,-43.246317166563017,-22.950003289418323
Tijuca,-43.246373184842128,-22.950014744220244
Tijuca,-43.246423929848518,-22.950026774139239
Tijuca,-43.246479315127054,-22.950041925426234
Tijuca,-43.246584917688331,-22.950057181035529
Tijuca,-43.246641161360579,-22.95005870554342
Tijuca,-43.246690032747168,-22.950064844980975
Tijuca,-43.246740381804756,-22.950069735021213
Tijuca,-43.246845580259112,-22.950078484025333
Tijuca,-43.246899159424565,-22.950082508112022
Tijuca,-43.246950455705147,-22.950082080988047
Tijuca,-43.247002312737088,-22.950083467880834
Tijuca,-43.247052823972645,-22.95009098120839
Tijuca,-43.24711300200623,-22.950097332167651
Tijuca,-43.247167144457109,-22.950103169069681
Tijuca,-43.247249728821807,-22.950103721047679
Tijuca,-43.247308998570787,-22.950105008277582
Tijuca,-43.247369130522173,-22.950107478256548
Tijuca,-43.24742999123044,-22.950113932580038
Tijuca,-43.247488353006361,-22.950125051090282
Tijuca,-43.247547815737981,-22.950141782105952
Tijuca,-43.247606814777441,-22.950156431970601
Tijuca,-43.247666599726529,-22.95017072754219
Tijuca,-43.247723525480325,-22.950187521782176
Tijuca,-43.247840766445314,-22.950230356746022
Tijuca,-43.247955577791458,-22.950257362401842
Tijuca,-43.248015061836703,-22.950264791909706
Tijuca,-43.248077261125438,-22.950273245465336
Tijuca,-43.248140030696241,-22.950282968700702
Tijuca,-43.248189015462842,-22.950295340423676
Tijuca,-43.248201167061609,-22.950298364397916
Tijuca,-43.248260884703505,-22.950317897573207
Tijuca,-43.248322118684229,-22.950325617932432
Tijuca,-43.248386904207088,-22.950322629876574
Tijuca,-43.248412397845691,-22.950319298049454
Tijuca,-43.248454885145058,-22.950313810858475
Tijuca,-43.248502760876846,-22.950298805322095
Tijuca,-43.24855454807458,-22.950282941355816
Tijuca,-43.248574126477003,-22.950277016217537
Tijuca,-43.248627867996795,-22.950253318269233
Tijuca,-43.248663290835836,-22.950236099171352
Tijuca,-43.24868615270293,-22.950225064179751
Tijuca,-43.248708705121608,-22.950215379333905
Tijuca,-43.248750672618911,-22.950197329714381
Tijuca,-43.248813110797037,-22.950172102516007
Tijuca,-43.248866604226365,-22.950144788380573
Tijuca,-43.248936837919992,-22.950112601947666
Tijuca,-43.248959092378016,-22.950103275573372
Tijuca,-43.249042804372806,-22.950076927257427
Tijuca,-43.24915638611666,-22.950040342475177
Tijuca,-43.249311043618938,-22.949994369599263
Tijuca,-43.24939255654899,-22.949979736204298
Tijuca,-43.249457672511042,-22.949966187519287
Tijuca,-43.249521186786652,-22.949955961700027
Tijuca,-43.249581828961745,-22.949949044728733
Tijuca,-43.249703344067619,-22.949932504972985
Tijuca,-43.249761835251427,-22.949926107471715
Tijuca,-43.249828701007552,-22.949920613801634
Tijuca,-43.249893400693033,-22.949916812724457
Tijuca,-43.249954191061192,-22.949913509452049
Tijuca,-43.250017999323397,-22.949910601251315
Tijuca,-43.250078400400476,-22.949907384952539
Tijuca,-43.250145173353459,-22.949901439320271
Tijuca,-43.250203723443292,-22.949897932070769
Tijuca,-43.250263241420022,-22.949895155606555
Tijuca,-43.250332320701844,-22.949891943626334
Tijuca,-43.250397978678059,-22.949889327313855
Tijuca,-43.250457489577876,-22.949887003813675
Tijuca,-43.250518764569769,-22.949884157628315
Tijuca,-43.250580421775169,-22.94988167743357
Tijuca,-43.250645288184387,-22.94987995389496
Tijuca,-43.25070733590853,-22.949885153179782
Tijuca,-43.250770259689418,-22.949890363257797
Tijuca,-43.250825816712087,-22.94986948300815
Tijuca,-43.250852562153518,-22.949852168863352
Tijuca,-43.250865549551492,-22.94984319313323
Tijuca,-43.25090146125158,-22.949818211209855
Tijuca,-43.250930241985863,-22.949794326200877
Tijuca,-43.250963172957391,-22.949766153454991
Tijuca,-43.251017765124288,-22.949714107330056
Tijuca,-43.251062134044695,-22.949668450437336
Tijuca,-43.251111040149993,-22.94962636560647
Tijuca,-43.251159211356374,-22.949588336825691
Tijuca,-43.251203337920764,-22.949546379586934
Tijuca,-43.251257189175128,-22.949506516553861
Tijuca,-43.251318448244533,-22.949466735169072
Tijuca,-43.25136730401794,-22.949443702515445
Tijuca,-43.251427472391271,-22.949413031481605
Tijuca,-43.251472851359786,-22.949387433651978
Tijuca,-43.251527296666012,-22.949361936905039
Tijuca,-43.251585114520438,-22.949339635252485
Tijuca,-43.251647240067065,-22.949323613712142
Tijuca,-43.251707083283634,-22.949318041824
Tijuca,-43.251770288732459,-22.949316663613853
Tijuca,-43.251828844367289,-22.949320377919786
Tijuca,-43.251883933544839,-22.94932830080478
Tijuca,-43.251947598830043,-22.94934417257673
Tijuca,-43.2520073931639,-22.94936533039909
Tijuca,-43.252063653818269,-22.949388255942708
Tijuca,-43.252116555844033,-22.949414576346445
Tijuca,-43.252165395750232,-22.949445907912025
Tijuca,-43.252219073124358,-22.949480275009098
Tijuca,-43.252274371863059,-22.949509783179902
Tijuca,-43.252340432617714,-22.949544101740056
Tijuca,-43.252397869785682,-22.949574264557413
Tijuca,-43.252446304109128,-22.949606767131542
Tijuca,-43.252494809223286,-22.949641436642956
Tijuca,-43.252544900893135,-22.949681632676068
Tijuca,-43.252589488799885,-22.949717613729003
Tijuca,-43.252635980805444,-22.94975713779781
Tijuca,-43.252671976289086,-22.949786341868762
Tijuca,-43.256635908911221,-22.946450639132021
Tijuca,-43.257408024761432,-22.945898868049188
Tijuca,-43.257146565085073,-22.945475803854421
Tijuca,-43.257283628982051,-22.945188964314628
Tijuca,-43.257446131105667,-22.945009506083206
Tijuca,-43.257697450501603,-22.944830932971719
Tijuca,-43.257938833407088,-22.944743010112017
Tijuca,-43.258205883856746,-22.944729412865705
Tijuca,-43.258489834828602,-22.944782018238431
Tijuca,-43.258834915349318,-22.944934087461
Tijuca,-43.259126782316919,-22.945069137281106
Tijuca,-43.259258045434407,-22.945235385185747
Tijuca,-43.259346214973931,-22.945302185256001
Tijuca,-43.259780640330433,-22.945414144805302
Tijuca,-43.259949694949334,-22.945415999196495
Tijuca,-43.260066586600082,-22.94531839652959
Tijuca,-43.260253699141686,-22.945295704045702
Tijuca,-43.262048619411004,-22.945463660981371
Tijuca,-43.262243066035907,-22.945210406109592
Tijuca,-43.262377692551212,-22.94512121444993
Tijuca,-43.262867967233355,-22.945044224994305
Tijuca,-43.26338358898029,-22.945074613743873
Tijuca,-43.263597730842449,-22.945027469672556
Tijuca,-43.264386297097069,-22.944842123964687
Tijuca,-43.265331239806351,-22.944689185257694
Tijuca,-43.266133650926577,-22.944649011109604
Tijuca,-43.266933734329172,-22.944370491368996
Tijuca,-43.267608871292992,-22.944232834935985
Tijuca,-43.268172109880645,-22.944268061494366
Tijuca,-43.268754977711318,-22.944615237947271
Tijuca,-43.269252862289477,-22.94486720532236
Tijuca,-43.270447971821376,-22.944785960361326
Tijuca,-43.271988533911738,-22.944621413956362
Tijuca,-43.273377188354537,-22.943925644482178
Tijuca,-43.271984510666407,-22.943087703090583
Tijuca,-43.27084020273255,-22.941405114972071
Tijuca,-43.27023633285048,-22.940493848717612
Tijuca,-43.269511820733335,-22.939861664652813
Tijuca,-43.269069421884836,-22.93932683187883
Tijuca,-43.26829902899496,-22.939106026331491
Tijuca,-43.26714225985944,-22.938752944591307
Tijuca,-43.265610928937924,-22.938504128064334
Tijuca,-43.2646707826325,-22.938551916474712
Tijuca,-43.263979521242895,-22.938732822278435
Tijuca,-43.262834890583775,-22.938850877423643
Tijuca,-43.262473470598124,-22.938948423249862
Tijuca,-43.261715793370769,-22.938809632426576
Tijuca,-43.260994436806534,-22.938361578618178
Tijuca,-43.260389803826286,-22.938256429118205
Tijuca,-43.259591167461416,-22.938423765470286
Tijuca,-43.259087762841013,-22.938606711161196
Tijuca,-43.258350802282251,-22.938685679018963
Tijuca,-43.258195162563219,-22.938611455641407
Tijuca,-43.257903331584053,-22.93817008973641
Tijuca,-43.257561641973723,-22.937457438286877
Tijuca,-43.257523449843269,-22.937112411616589
Tijuca,-43.257344569643244,-22.936972550479595
Tijuca,-43.257176343936571,-22.936823053750331
Tijuca,-43.257049333666437,-22.936782286096683
Tijuca,-43.256965459909097,-22.936692684461324
Tijuca,-43.255832290287756,-22.935651021840698
Tijuca,-43.25503927990772,-22.935311875245834
Tijuca,-43.251563368656008,-22.931214839055865
Tijuca,-43.25130173999225,-22.931142421767291
Tijuca,-43.251038971566537,-22.931151087804519
Tijuca,-43.25078996729502,-22.931067337559789
Tijuca,-43.250505317667965,-22.930844125417515
Tijuca,-43.250257504637368,-22.930667646595602
Tijuca,-43.250208092634843,-22.9306207730118
Tijuca,-43.250160316555522,-22.930446501571002
Tijuca,-43.249980188894448,-22.930351861378714
Tijuca,-43.249905596334926,-22.930322141179694
Tijuca,-43.249806249223568,-22.93026893963679
Tijuca,-43.249688164941894,-22.930209660545835
Tijuca,-43.24961446623179,-22.930110415206844
Tijuca,-43.249584362904272,-22.930017430171993
Tijuca,-43.24952455584507,-22.929808344001891
Tijuca,-43.249475514452399,-22.929732489881083
Tijuca,-43.249432043562329,-22.929708892258915
Tijuca,-43.249388646888811,-22.929679425737959
Tijuca,-43.249313980543633,-22.929655484014873
Tijuca,-43.249232979228182,-22.929631381064166
Tijuca,-43.249077012040011,-22.929606543589834
Tijuca,-43.248870888151309,-22.929592620384021
Tijuca,-43.248733491501,-22.929579545389771
Tijuca,-43.248627609295973,-22.929549389224377
Tijuca,-43.248553538950965,-22.929479126064386
Tijuca,-43.248492147476121,-22.929385795605466
Tijuca,-43.248418301421943,-22.929298107228981
Tijuca,-43.248337670907738,-22.929245111370339
Tijuca,-43.248207503970193,-22.929162580888356
Tijuca,-43.248102343838475,-22.929068766074423
Tijuca,-43.248060012626411,-22.92896408675502
Tijuca,-43.247939328813871,-22.928864322114059
Tijuca,-43.247790275648264,-22.928787362387943
Tijuca,-43.247721773313501,-22.92876926753917
Tijuca,-43.247718197181406,-22.92904718704763
Tijuca,-43.247636376246696,-22.929086830701941
Tijuca,-43.24757284722935,-22.929167134214552
Tijuca,-43.245670156841619,-22.929331421697484
Tijuca,-43.244006133972462,-22.928444465682258
Tijuca,-43.243335536495231,-22.928083771571615
Tijuca,-43.24307718882968,-22.927999817301934
Tijuca,-43.243260145455345,-22.927874512213659
Tijuca,-43.243540588150282,-22.927454897149914
Tijuca,-43.243529978595554,-22.927309930755612
Tijuca,-43.243823069697207,-22.926884675486072
Tijuca,-43.243987434163337,-22.926741733814218
Tijuca,-43.244688412941926,-22.925712963710652
Tijuca,-43.244841269419474,-22.925494579448586
Tijuca,-43.244028171966534,-22.925033880734439
Tijuca,-43.243196983495203,-22.924532520001005
Tijuca,-43.242878772296841,-22.924963275875967
Tijuca,-43.242822301406804,-22.924980079570879
Tijuca,-43.242549184602218,-22.924832207212674
Tijuca,-43.242517445712345,-22.924866623199499
Tijuca,-43.242472928832626,-22.924924015845281
Tijuca,-43.242379006009145,-22.924934625204141
Tijuca,-43.242323433508751,-22.924881905103273
Tijuca,-43.242324629000663,-22.924789264332524
Tijuca,-43.242388330523362,-22.924703096308448
Tijuca,-43.242469530869478,-22.92470399531134
Tijuca,-43.242606848326652,-22.924722854117132
Tijuca,-43.242811616908192,-22.924840982001879
Tijuca,-43.243110570185401,-22.924444690336124
Tijuca,-43.242048900669076,-22.923877017858128
Tijuca,-43.241671957280928,-22.923774410955009
Tijuca,-43.241103176018868,-22.92376811020555
Tijuca,-43.240602893640379,-22.923779905167347
Tijuca,-43.240423689772634,-22.923773497684603
Tijuca,-43.240134275906705,-22.923763151923573
Tijuca,-43.239940265160563,-22.923778339679334
Tijuca,-43.239246272233927,-22.923782293246397
Tijuca,-43.23894608748931,-22.923790522626682
Tijuca,-43.238352180768054,-22.923789712817076
Tijuca,-43.238233453819937,-22.923788395286905
Tijuca,-43.237408384284656,-22.923773457394923
Tijuca,-43.237030195448497,-22.923775037544324
Tijuca,-43.236773852774014,-22.923777970148532
Tijuca,-43.236633072668525,-22.923544774817678
Tijuca,-43.23612580743108,-22.923433391663732
Tijuca,-43.236043902321214,-22.923404216299421
Tijuca,-43.236008371475329,-22.923324805059444
Tijuca,-43.235984637251399,-22.923268010693398
Tijuca,-43.235913430753634,-22.923120382662763
Tijuca,-43.235783472294742,-22.922322629283062
Tijuca,-43.235753452291277,-22.922051200337144
Tijuca,-43.235689949706526,-22.92154225747224
Tijuca,-43.235681861173639,-22.921225830130542
Tijuca,-43.235636341145558,-22.920976803715533
Tijuca,-43.235449823839708,-22.920782743281237
Tijuca,-43.235056298953573,-22.920095029922297
Tijuca,-43.234907679897702,-22.9198053056862
Tijuca,-43.234492789680935,-22.918885813340438
Tijuca,-43.234422393038713,-22.918676065088363
Tijuca,-43.234221215252241,-22.918199365205187
Tijuca,-43.23408738246026,-22.918175300874125
Tijuca,-43.233922119076801,-22.918229903277421
Tijuca,-43.233738575352234,-22.918273103760331
Tijuca,-43.233623794122416,-22.918667182964874
Tijuca,-43.2334563253197,-22.919117115150463
Tijuca,-43.233110175953435,-22.919017269251796
Tijuca,-43.232709561998831,-22.918877262561161
Tijuca,-43.232552243016237,-22.918785117506975
Tijuca,-43.232051534720881,-22.918372898754839
Tijuca,-43.231942732369028,-22.918298270087082
Tijuca,-43.231538131595812,-22.918000092164714
Tijuca,-43.231203689334791,-22.917697006642573
Tijuca,-43.23093830434145,-22.917473796378758
Tijuca,-43.230763201070388,-22.917347585909159
Tijuca,-43.230582077924069,-22.917204421600275
Tijuca,-43.230220103737011,-22.916912314778592
Tijuca,-43.230050970310963,-22.916791858317481
Tijuca,-43.229798361093295,-22.916523546699676
Tijuca,-43.229696216241308,-22.916409527173574
Tijuca,-43.229257691955183,-22.915901910416437
Tijuca,-43.229071948683512,-22.915657009472767
Tijuca,-43.228760576007758,-22.915687403447993
Tijuca,-43.228302973002286,-22.915710561558882
Tijuca,-43.228016211680732,-22.915729937799366
Tijuca,-43.226658875537517,-22.91579389320097
Tijuca,-43.226292773655061,-22.915812380251239
Tijuca,-43.225332766827918,-22.916027596986766
Tijuca,-43.225121564054596,-22.916098653471064
Tijuca,-43.224881699515443,-22.916259696271709
Tijuca,-43.224776371623371,-22.916382776897887
Tijuca,-43.224696023613497,-22.916466584134604
Tijuca,-43.224621522304169,-22.916573123893141
Tijuca,-43.224454244939864,-22.916774528946565
Tijuca,-43.224088759620919,-22.917216637550389
Tijuca,-43.223843565145827,-22.917539532766806
Tijuca,-43.222689462859528,-22.916669719757635
Tijuca,-43.222321471879965,-22.916377076535365
Tijuca,-43.221709110224701,-22.915903345512405
Tijuca,-43.221554882090778,-22.915791898064594
Tijuca,-43.221305665953629,-22.915571021033138
Tijuca,-43.220821178276431,-22.915167169161659
Tijuca,-43.220580110439748,-22.914964803941064
Tijuca,-43.220310217479813,-22.914752635821639
Tijuca,-43.220178735182515,-22.914653813638626
Tijuca,-43.219983393192315,-22.914548134274369
Tijuca,-43.219941685537137,-22.914524549957587
Tijuca,-43.219740210633113,-22.914410495281874
Tijuca,-43.219500287232002,-22.914277675587581
Tijuca,-43.219265535729932,-22.914151687109332
Tijuca,-43.21874604922273,-22.913867994778979
Tijuca,-43.218467010893463,-22.913721912501543
Tijuca,-43.217397058095074,-22.91312392028739
Tijuca,-43.2165153680928,-22.912624499854235
Tijuca,-43.216515330922171,-22.912624479786555
Tijuca,-43.216446119921656,-22.912684026468
Tijuca,-43.216130988239605,-22.912495545854817
Tijuca,-43.21590573282419,-22.91236685746987
Tijuca,-43.215797083099851,-22.912348840536541
Tijuca,-43.215714414137395,-22.912423586003019
Tijuca,-43.215648212109308,-22.912632981885615
